"","Predicted Prices"
"1461",112786.951767233
"1462",159203.768703231
"1463",177013.074791025
"1464",202564.492710109
"1465",199869.638590887
"1466",170093.952880848
"1467",184423.892287235
"1468",164421.060020774
"1469",192637.416819157
"1470",119258.868669638
"1471",190632.584155076
"1472",99845.1246207401
"1473",97116.0182996306
"1474",151167.250595655
"1475",121340.886144708
"1476",350788.304638446
"1477",248123.128592952
"1478",267802.687454417
"1479",271995.306830509
"1480",515333.130322571
"1481",335648.973314656
"1482",214416.209200895
"1483",171437.617584806
"1484",167826.291364238
"1485",184215.161132348
"1486",198347.557501615
"1487",315866.427148531
"1488",234487.114523233
"1489",186997.292897135
"1490",224845.621091587
"1491",191100.245942816
"1492",88507.862394783
"1493",173713.539550557
"1494",279476.108738254
"1495",287093.457874441
"1496",232110.017099357
"1497",181267.35175378
"1498",162582.578656819
"1499",161639.090085039
"1500",156841.551327336
"1501",173299.833705623
"1502",153774.544441168
"1503",271528.078024211
"1504",241351.040818003
"1505",223966.560125351
"1506",197767.973486618
"1507",265437.585508495
"1508",197147.92484865
"1509",156446.331106157
"1510",142249.613440137
"1511",146356.435602861
"1512",181458.054734347
"1513",140744.638424103
"1514",158418.415852727
"1515",194429.776954315
"1516",149942.390707148
"1517",176391.120658541
"1518",135049.213176287
"1519",215416.27770282
"1520",129906.882093408
"1521",128417.89093106
"1522",178379.716695046
"1523",109258.205389917
"1524",118815.841903505
"1525",118228.194697412
"1526",112985.931698832
"1527",104201.153832756
"1528",142603.519428414
"1529",150219.214862679
"1530",193507.623423524
"1531",104809.351423632
"1532",99634.9643804966
"1533",150678.245169327
"1534",120615.900635573
"1535",148812.940668849
"1536",106953.220653889
"1537",66515.9280890496
"1538",150115.325154541
"1539",189886.966006591
"1540",96936.7141266703
"1541",136790.691128881
"1542",137883.863815314
"1543",195625.401656311
"1544",88425.711145201
"1545",117064.608123062
"1546",133429.006544805
"1547",121734.8125552
"1548",134361.074381767
"1549",119672.079768866
"1550",131418.570319159
"1551",112994.874272967
"1552",132147.153285995
"1553",139774.327498238
"1554",124408.545077701
"1555",163153.627765536
"1556",89103.2456593122
"1557",106569.33637703
"1558",105587.424837941
"1559",81008.4981376553
"1560",135003.860334068
"1561",133234.610081511
"1562",133080.901683119
"1563",120787.313923926
"1564",168172.964990724
"1565",143638.964367423
"1566",242629.446681074
"1567",79014.7032165458
"1568",247370.823289193
"1569",122885.883663981
"1570",142107.571611771
"1571",125573.654014106
"1572",146723.353392868
"1573",242431.779481388
"1574",124860.929413574
"1575",223860.38223947
"1576",258417.655083848
"1577",176623.264904599
"1578",140722.894131471
"1579",145523.461712638
"1580",193460.085339162
"1581",151350.182269883
"1582",127087.51447914
"1583",317487.847483715
"1584",223607.653936246
"1585",143535.20911632
"1586",69006.4547210542
"1587",102857.500014301
"1588",149083.970315643
"1589",98666.1725419848
"1590",142511.32004627
"1591",98691.1329412646
"1592",112792.616640385
"1593",122670.576843063
"1594",125962.290879157
"1595",107311.624470902
"1596",239774.18537409
"1597",193580.842348467
"1598",220681.560635022
"1599",176745.60282061
"1600",167612.530868266
"1601",65324.1952229181
"1602",108778.587284421
"1603",71346.6857688542
"1604",275341.186921112
"1605",249614.614266141
"1606",173189.435744332
"1607",190294.901524006
"1608",211066.138536085
"1609",179078.471398033
"1610",145957.679489732
"1611",138054.804384836
"1612",170066.623347549
"1613",166894.164975283
"1614",117608.468542107
"1615",88845.4742755069
"1616",77796.5613640349
"1617",90529.6380164678
"1618",125013.987774325
"1619",138721.413407585
"1620",177339.890859544
"1621",137097.853442486
"1622",138033.73218061
"1623",265665.355707857
"1624",215718.738023955
"1625",118129.678462543
"1626",173275.306683508
"1627",191582.187837278
"1628",281240.787026096
"1629",174465.155626877
"1630",381392.212609692
"1631",224195.001998456
"1632",244082.453975859
"1633",167837.256164493
"1634",184175.860126991
"1635",177617.239374282
"1636",154904.179634688
"1637",199991.861335634
"1638",183567.495305059
"1639",186991.789668316
"1640",264306.378254964
"1641",183058.256388172
"1642",236212.481560876
"1643",213436.512241814
"1644",228253.351742825
"1645",210167.466870682
"1646",160984.727396084
"1647",155881.838864256
"1648",127979.459151591
"1649",143075.783842489
"1650",114893.818835366
"1651",122711.00529962
"1652",102891.929468267
"1653",106275.687886323
"1654",145859.929521975
"1655",139215.823892945
"1656",140970.117102311
"1657",147160.534241366
"1658",144537.504691742
"1659",126957.814168755
"1660",152977.85610668
"1661",428127.185273312
"1662",402522.072707585
"1663",365302.654863595
"1664",536186.751595216
"1665",288403.350608062
"1666",323452.00617416
"1667",365177.798610511
"1668",322020.342977333
"1669",291131.651328417
"1670",326419.676529116
"1671",267091.357127632
"1672",448723.283962567
"1673",297538.365292609
"1674",248121.879090236
"1675",202663.679142581
"1676",203573.248919723
"1677",224451.000804533
"1678",496906.688064545
"1679",383325.375504147
"1680",323752.244222005
"1681",233458.071804054
"1682",297851.481889473
"1683",195838.444539623
"1684",172528.112515166
"1685",175856.545287386
"1686",177449.925640817
"1687",172391.493886062
"1688",194005.202277035
"1689",195022.088887102
"1690",196981.645539024
"1691",187060.342291883
"1692",254968.909703313
"1693",164126.226296272
"1694",179913.894486128
"1695",163888.355254232
"1696",276524.014218294
"1697",172348.705512358
"1698",350052.557720895
"1699",306898.532773695
"1700",242446.741307034
"1701",265167.995525471
"1702",232770.412925889
"1703",231632.36082688
"1704",277958.685240589
"1705",222776.307944835
"1706",411225.938851885
"1707",200877.646053293
"1708",192668.45480054
"1709",262909.176270528
"1710",214006.608930881
"1711",258667.326282832
"1712",253346.913116508
"1713",262323.261381279
"1714",219912.358857781
"1715",202974.225659013
"1716",178877.094253025
"1717",174094.673848049
"1718",136879.243685294
"1719",202995.09004144
"1720",235553.952538999
"1721",157183.423412656
"1722",120382.36703717
"1723",149413.634281653
"1724",204239.518411159
"1725",237551.185874681
"1726",185402.337047827
"1727",157029.235978548
"1728",170702.315170424
"1729",163991.541853667
"1730",160511.442145924
"1731",119897.341921453
"1732",125958.378723616
"1733",115499.49983209
"1734",115277.193588161
"1735",129696.551343497
"1736",109950.272725038
"1737",307619.182438958
"1738",241488.439379569
"1739",261308.749586397
"1740",227373.956122521
"1741",197780.309867781
"1742",168981.541637067
"1743",176705.482970213
"1744",313066.575512104
"1745",210529.326420235
"1746",204525.556676736
"1747",214305.144229937
"1748",233642.085871538
"1749",142450.510075703
"1750",129884.716420279
"1751",257354.465765079
"1752",117338.249565202
"1753",147162.85219762
"1754",200487.268846807
"1755",159494.648581735
"1756",123451.203970617
"1757",118937.16410153
"1758",145830.783698775
"1759",163946.336295665
"1760",166005.627160354
"1761",152330.254901613
"1762",175595.075754606
"1763",179702.876763867
"1764",113982.341862977
"1765",171117.924217672
"1766",195068.837929726
"1767",235089.068852256
"1768",140449.577469325
"1769",171535.070157918
"1770",151625.95772335
"1771",119024.002719062
"1772",135071.96731401
"1773",117454.422678027
"1774",156577.718173188
"1775",141829.641530828
"1776",115471.306914768
"1777",104513.092027888
"1778",141405.207999562
"1779",112210.008315182
"1780",172506.516315999
"1781",123439.778655126
"1782",91550.8030587958
"1783",144169.500150699
"1784",105513.567199815
"1785",115874.104879558
"1786",149993.069064605
"1787",169843.766564688
"1788",67448.2236612867
"1789",101043.332910756
"1790",79285.1394055716
"1791",201471.189328913
"1792",155645.065392445
"1793",132654.268521892
"1794",160782.205074273
"1795",134782.059835339
"1796",124045.65247658
"1797",121017.913820283
"1798",121185.024565311
"1799",113037.318616322
"1800",127115.913356046
"1801",121587.84637466
"1802",136512.172829942
"1803",149382.573171022
"1804",148901.934631121
"1805",137097.360698881
"1806",134800.742516399
"1807",132466.075949832
"1808",118494.724878612
"1809",111968.670999932
"1810",136375.972741799
"1811",89480.0654486727
"1812",93851.5813518787
"1813",122130.651379751
"1814",87608.2387396216
"1815",58405.4247110036
"1816",98188.8773430639
"1817",104626.322978447
"1818",144934.94272795
"1819",132535.402148065
"1820",71871.099283101
"1821",116327.390789202
"1822",144671.106804674
"1823",51351.4046125325
"1824",128650.087123163
"1825",133348.991314872
"1826",104678.683623533
"1827",98107.4851716321
"1828",134155.16241071
"1829",124144.568565034
"1830",142969.861587509
"1831",140354.252431023
"1832",76179.7572502302
"1833",129293.018876659
"1834",123935.737534993
"1835",125911.27939907
"1836",124891.764489476
"1837",84412.0941471421
"1838",119683.499814541
"1839",106132.125993261
"1840",139999.156395513
"1841",139939.363817951
"1842",93509.6737300325
"1843",126488.63514703
"1844",132176.829478197
"1845",140008.226130326
"1846",149784.352466822
"1847",168072.510179437
"1848",52668.2949683569
"1849",101226.753827715
"1850",116921.01909965
"1851",156731.446021106
"1852",129672.723248896
"1853",129980.673796086
"1854",165621.142351498
"1855",142620.367244617
"1856",223534.749876467
"1857",126313.149708448
"1858",133198.329169247
"1859",112806.029218826
"1860",147471.066988856
"1861",112541.455937002
"1862",332337.753053795
"1863",317828.794695247
"1864",317842.748084359
"1865",322940.481388556
"1866",303750.823759188
"1867",224872.371707477
"1868",282577.395021545
"1869",208913.633236196
"1870",222810.871991224
"1871",233907.736159793
"1872",174897.166722091
"1873",252213.66958394
"1874",152960.470450804
"1875",194118.625225708
"1876",198421.063365752
"1877",210998.924675128
"1878",195838.588014404
"1879",126478.529923981
"1880",135965.838323214
"1881",250572.749629375
"1882",250669.058112005
"1883",185797.430833921
"1884",202412.959871756
"1885",231282.921315411
"1886",273386.838933649
"1887",215379.434766862
"1888",274727.263506156
"1889",169972.156245729
"1890",120443.193173861
"1891",133130.698902727
"1892",103178.556644283
"1893",127672.161977875
"1894",127677.382585988
"1895",137163.079797846
"1896",127207.785802437
"1897",110310.902248365
"1898",121841.295305741
"1899",158831.985571063
"1900",161287.190109522
"1901",164700.443774852
"1902",153876.612780735
"1903",241503.063147114
"1904",144447.953528794
"1905",202328.667469671
"1906",141781.258754053
"1907",212182.429344504
"1908",114740.248778192
"1909",138634.088911053
"1910",123480.736503406
"1911",224172.774380347
"1912",348630.036210302
"1913",137839.603662665
"1914",69655.3999130237
"1915",298298.564045279
"1916",53764.8317348766
"1917",252692.656707452
"1918",146632.081842804
"1919",178806.590166759
"1920",160242.072083146
"1921",369765.130892559
"1922",290957.551929006
"1923",244965.678216047
"1924",234778.980942565
"1925",196759.828215115
"1926",366060.701158874
"1927",133556.485623
"1928",152960.452930491
"1929",129544.074911852
"1930",130408.014927637
"1931",144539.236894514
"1932",137080.330347274
"1933",178116.730956281
"1934",183085.306266464
"1935",168653.856985908
"1936",187051.288846121
"1937",175861.509162595
"1938",164200.242408455
"1939",247553.062740515
"1940",196537.390072294
"1941",165414.698549234
"1942",180414.515524768
"1943",217427.920827276
"1944",343785.536960886
"1945",358613.789870562
"1946",132820.33952617
"1947",295122.271285432
"1948",161039.522617767
"1949",241767.122108122
"1950",188178.897033173
"1951",254291.547302754
"1952",216580.264384703
"1953",162778.771048297
"1954",186016.583977495
"1955",134967.455032151
"1956",346563.38589816
"1957",154119.729309952
"1958",298759.16393744
"1959",146629.290563156
"1960",110658.036586219
"1961",119553.175161875
"1962",100189.63345413
"1963",109294.868396882
"1964",105034.740807266
"1965",147296.969825569
"1966",138026.753170424
"1967",281930.15534696
"1968",432271.234529221
"1969",358529.503318585
"1970",423274.86790339
"1971",473232.220579866
"1972",381759.283052424
"1973",270299.929674125
"1974",329324.368687645
"1975",538279.705504479
"1976",275169.812729042
"1977",360176.627090755
"1978",361100.55993697
"1979",323477.722144822
"1980",210561.787472712
"1981",341655.169443542
"1982",225774.255388101
"1983",207465.940361853
"1984",178788.728156523
"1985",229784.874057183
"1986",215943.734289437
"1987",188951.756613612
"1988",176229.891782325
"1989",197547.374464683
"1990",214059.454964663
"1991",239288.046115502
"1992",216929.006194283
"1993",168829.165105505
"1994",232276.971977493
"1995",187401.436183983
"1996",243259.786508664
"1997",287672.945358234
"1998",322611.025513632
"1999",256811.166453546
"2000",313785.033171781
"2001",269410.800167264
"2002",228339.108679931
"2003",255641.811687079
"2004",280865.001236515
"2005",208919.637186736
"2006",212173.281637328
"2007",244428.980788924
"2008",208012.285000837
"2009",191934.848166491
"2010",192982.706329639
"2011",135199.160099523
"2012",168929.93063171
"2013",174863.354224632
"2014",181322.883782219
"2015",200165.648421071
"2016",188720.236084744
"2017",190278.943997169
"2018",117807.523164111
"2019",140699.275441452
"2020",107416.439856171
"2021",102774.046438271
"2022",178322.920455722
"2023",138530.119856472
"2024",270374.129426217
"2025",367884.617715182
"2026",175761.499654842
"2027",158219.826404103
"2028",153730.862301371
"2029",165212.446158415
"2030",271747.344145339
"2031",239343.954427397
"2032",246571.45637969
"2033",256827.808791128
"2034",172610.275896105
"2035",219084.19412528
"2036",199955.539312951
"2037",203492.158102852
"2038",326134.898085251
"2039",221989.185237641
"2040",294266.05187803
"2041",290658.227565532
"2042",201248.817930235
"2043",178596.040307583
"2044",168191.854703505
"2045",215982.841393933
"2046",146786.633774899
"2047",139797.320022869
"2048",139546.640221229
"2049",150424.64888839
"2050",171260.562054671
"2051",101463.661608574
"2052",123221.090334928
"2053",146887.161961728
"2054",96536.4809850108
"2055",152913.905723773
"2056",146078.511036945
"2057",113451.638627203
"2058",211546.55340839
"2059",132072.302050698
"2060",172997.724385728
"2061",181730.419029627
"2062",126882.024092611
"2063",117156.44861926
"2064",138767.208036301
"2065",119471.778204904
"2066",164196.195200873
"2067",106128.398362021
"2068",150596.665503688
"2069",86395.9695410705
"2070",117848.320860472
"2071",96447.2117667514
"2072",144310.050780924
"2073",128993.944661589
"2074",183763.951209515
"2075",146020.896211039
"2076",117465.505352993
"2077",157929.930618777
"2078",123285.58521242
"2079",134189.964077415
"2080",119633.116245071
"2081",122813.86920678
"2082",125483.48097147
"2083",144435.044968402
"2084",110623.000679634
"2085",114582.423640325
"2086",111811.476266061
"2087",124740.903891233
"2088",101191.014964989
"2089",81162.6370252941
"2090",129882.940837948
"2091",99658.6381537245
"2092",117509.556192984
"2093",117664.381459083
"2094",105987.811930736
"2095",141557.506742076
"2096",83512.7882508199
"2097",101209.762494441
"2098",143208.195988115
"2099",64081.7791321209
"2100",68261.3748559299
"2101",107089.639491255
"2102",131987.69507327
"2103",98840.4307684386
"2104",143750.720036681
"2105",123738.62434907
"2106",59459.747022922
"2107",198843.057052792
"2108",110443.439557986
"2109",106267.443581178
"2110",127332.827919687
"2111",140702.752027857
"2112",139122.124262543
"2113",120481.970976646
"2114",124805.419727891
"2115",162574.952643068
"2116",118446.898975484
"2117",151482.36232375
"2118",120974.63644261
"2119",118436.604016851
"2120",119082.834896924
"2121",88033.4134297653
"2122",110607.19120254
"2123",79792.7204107909
"2124",158297.440269818
"2125",129349.824147285
"2126",149603.297684429
"2127",170119.753592191
"2128",127593.234497467
"2129",82249.3106473685
"2130",119267.105942578
"2131",147265.056968067
"2132",109253.627537508
"2133",110275.933895563
"2134",114940.121393015
"2135",84321.6028907205
"2136",71213.7417254653
"2137",103230.547159202
"2138",128147.604628581
"2139",147743.831336888
"2140",143257.512337626
"2141",152455.896012724
"2142",121466.838960225
"2143",145831.891673028
"2144",120497.296277803
"2145",141583.110750633
"2146",161654.038461534
"2147",139216.218417716
"2148",140250.487090281
"2149",156586.911538577
"2150",222859.45700605
"2151",125830.734355038
"2152",160917.069911555
"2153",178796.32021677
"2154",106551.159386603
"2155",139328.259561054
"2156",276201.887847554
"2157",235934.423692295
"2158",231190.077223714
"2159",212175.254102609
"2160",186154.573110382
"2161",242603.065576954
"2162",411259.844535869
"2163",322330.238460642
"2164",243412.541587759
"2165",204583.481419777
"2166",156909.427303903
"2167",222409.145641734
"2168",191705.984172046
"2169",193267.199819015
"2170",218756.387571173
"2171",150461.057406176
"2172",132960.452598558
"2173",154952.78154576
"2174",228494.545784829
"2175",302360.006231999
"2176",297979.132564036
"2177",244742.649839032
"2178",216004.076578728
"2179",141811.683400247
"2180",220328.237103202
"2181",188926.560232896
"2182",219484.706138922
"2183",186649.975216623
"2184",117083.588678011
"2185",120190.944407646
"2186",151015.056933272
"2187",158427.240236414
"2188",159244.102751266
"2189",305301.435643601
"2190",78394.645944694
"2191",82158.3635874997
"2192",93963.3446430993
"2193",106807.755928487
"2194",105674.074362924
"2195",107765.766516534
"2196",99873.779321449
"2197",116446.875484042
"2198",156540.076490166
"2199",193032.401626232
"2200",154123.779517882
"2201",145471.75530384
"2202",214650.310445292
"2203",145997.402455087
"2204",177878.216334642
"2205",124653.251226993
"2206",140964.050449947
"2207",221883.077450988
"2208",271084.223212104
"2209",239371.734815922
"2210",119997.349017612
"2211",109398.148949992
"2212",115935.154655922
"2213",97863.8134692743
"2214",115187.580082418
"2215",94772.8177288631
"2216",138143.553419804
"2217",61493.0100232722
"2218",86479.0039524427
"2219",81475.6013890602
"2220",71202.2364254558
"2221",300496.389718585
"2222",276880.664449704
"2223",270037.504864432
"2224",214213.971457132
"2225",123054.064432396
"2226",190751.65022865
"2227",207098.496919302
"2228",254985.962750771
"2229",262738.291911169
"2230",145095.125576133
"2231",214009.263280679
"2232",174961.396654751
"2233",177584.421771399
"2234",232811.480562429
"2235",214503.337046476
"2236",269141.758849611
"2237",318393.511175552
"2238",196344.65220683
"2239",112718.235157351
"2240",154184.803955661
"2241",152681.709334783
"2242",116224.721627464
"2243",121585.758248637
"2244",102889.272738113
"2245",96264.9794085335
"2246",142244.709982688
"2247",112106.758886074
"2248",125039.844976069
"2249",123018.344180366
"2250",126015.714966384
"2251",94524.5709090733
"2252",182786.630831837
"2253",155941.870594536
"2254",173273.916484413
"2255",187591.30145287
"2256",172497.076431506
"2257",212907.605286689
"2258",159173.333411119
"2259",176800.390899868
"2260",132188.664337949
"2261",187202.883027694
"2262",219004.267771861
"2263",363070.731087292
"2264",486225.203464893
"2265",165100.78151319
"2266",288560.50758745
"2267",377023.066677689
"2268",399855.439879035
"2269",145139.624049364
"2270",189311.001321454
"2271",221430.181268447
"2272",195193.74924163
"2273",159403.406246663
"2274",175779.202569913
"2275",160011.441547996
"2276",185054.933475967
"2277",184020.917657959
"2278",140802.738592295
"2279",123298.7872028
"2280",114518.45002952
"2281",164980.241950907
"2282",179857.220525349
"2283",108168.388124988
"2284",112202.190403221
"2285",144096.181549763
"2286",124731.469120031
"2287",348295.117937286
"2288",270643.295553548
"2289",384371.620066091
"2290",465980.373907604
"2291",324266.454212146
"2292",416873.599463556
"2293",495255.024053409
"2294",406674.133190341
"2295",510757.839582086
"2296",296089.535120903
"2297",325894.356778303
"2298",317397.167806622
"2299",386286.029663064
"2300",333096.785323208
"2301",293352.623151504
"2302",257084.758860729
"2303",247375.100010827
"2304",260057.087076201
"2305",211140.277924553
"2306",205112.725162694
"2307",208523.880987515
"2308",227798.801968105
"2309",272804.137898022
"2310",216399.845227406
"2311",219821.970196119
"2312",167772.653362028
"2313",167674.062917482
"2314",174737.825467507
"2315",181921.097092313
"2316",201406.902459018
"2317",190443.80470048
"2318",181686.247280389
"2319",185180.805397878
"2320",186953.623277163
"2321",244048.066804536
"2322",190036.627703396
"2323",182036.612669887
"2324",174748.029533634
"2325",217798.145321225
"2326",171864.692293559
"2327",208106.041512536
"2328",224919.847762349
"2329",191130.411199018
"2330",183408.954280661
"2331",353048.829714551
"2332",394348.846051374
"2333",323329.420304618
"2334",248664.873728215
"2335",257880.952077957
"2336",315343.179100252
"2337",190729.78202847
"2338",262533.714583533
"2339",206151.472099367
"2340",388702.885996516
"2341",211913.124270541
"2342",228572.309119781
"2343",227532.684489432
"2344",206323.996156294
"2345",231940.442888317
"2346",204638.266812677
"2347",191363.467534491
"2348",234944.396940956
"2349",170389.693808745
"2350",293489.39776884
"2351",242385.894763657
"2352",248768.304029089
"2353",243425.44601983
"2354",138994.495305909
"2355",145052.535090597
"2356",147575.012366444
"2357",189763.359395655
"2358",191103.773146586
"2359",132883.635238581
"2360",116321.992043591
"2361",147682.257490377
"2362",279456.290021628
"2363",130775.321226176
"2364",155757.811213715
"2365",228057.023123873
"2366",201130.125148496
"2367",228760.732895201
"2368",216000.007887827
"2369",224886.929991337
"2370",167587.413540467
"2371",161841.533987179
"2372",187096.770337652
"2373",276511.242986272
"2374",318963.180801171
"2375",252068.88506915
"2376",307795.344402937
"2377",371741.92767383
"2378",138950.213013655
"2379",209275.509396195
"2380",151020.273247839
"2381",167678.703198175
"2382",206515.427851452
"2383",207480.089599011
"2384",249718.428913893
"2385",161518.905617972
"2386",130060.072737141
"2387",132808.081291984
"2388",102444.868399326
"2389",122306.760117898
"2390",137556.056312108
"2391",147664.997864687
"2392",114735.874328759
"2393",163074.45152418
"2394",137945.581080235
"2395",213109.374141635
"2396",140623.105215079
"2397",226024.384878562
"2398",130026.793066222
"2399",70474.3730311861
"2400",71217.7655157806
"2401",119153.590192949
"2402",134327.627867563
"2403",149674.735041265
"2404",144463.016277644
"2405",163155.177649345
"2406",139648.226018631
"2407",126763.830296142
"2408",149143.675764988
"2409",120509.196400433
"2410",171844.80243503
"2411",112796.442945955
"2412",149386.974133118
"2413",125656.775874817
"2414",150470.647247274
"2415",138910.441560645
"2416",121589.336423705
"2417",128592.601091044
"2418",132196.082069026
"2419",124287.952708968
"2420",120879.043804831
"2421",142446.8746386
"2422",104791.345358057
"2423",106792.0915714
"2424",163355.913250105
"2425",211936.142746426
"2426",124876.908997932
"2427",128828.004978642
"2428",173554.372405847
"2429",112602.662312553
"2430",136933.839076051
"2431",104829.450164879
"2432",147188.175765532
"2433",142570.242766361
"2434",135795.785355969
"2435",153508.517758932
"2436",106428.958624393
"2437",104050.914260342
"2438",120282.083045171
"2439",103422.994835258
"2440",124383.628981139
"2441",93883.800922501
"2442",100303.164716325
"2443",122678.782649409
"2444",133573.059862061
"2445",90669.0130449672
"2446",131385.620940322
"2447",186695.991198933
"2448",129664.248368889
"2449",115480.826146922
"2450",143023.170209667
"2451",136604.304425526
"2452",189902.922703602
"2453",91974.0960556265
"2454",108941.009741388
"2455",117876.31455948
"2456",129482.944511655
"2457",124691.59988648
"2458",125635.686869216
"2459",110400.868840558
"2460",142128.823699812
"2461",131150.910221061
"2462",134921.085455355
"2463",125604.722210765
"2464",175904.761852982
"2465",146104.183785572
"2466",109926.054022592
"2467",138388.532215445
"2468",82111.7086080007
"2469",79586.8179923591
"2470",176793.618336412
"2471",200597.335063458
"2472",152572.366607709
"2473",111757.884136477
"2474",72526.5363713149
"2475",224862.08974801
"2476",118792.054613947
"2477",122759.399251716
"2478",151949.320517354
"2479",101644.145719267
"2480",146974.715853786
"2481",118793.671227895
"2482",128045.712497683
"2483",111633.834165734
"2484",123420.570668359
"2485",127118.694677471
"2486",145353.543946407
"2487",157344.199840214
"2488",167433.54450437
"2489",148242.841129877
"2490",136532.294523252
"2491",93322.1156427158
"2492",190182.449798835
"2493",149265.01257428
"2494",136194.455702856
"2495",85254.2516750719
"2496",244941.688624574
"2497",159477.66752591
"2498",111298.360759794
"2499",82248.049538001
"2500",128548.868797579
"2501",139058.783790676
"2502",148884.172057786
"2503",101571.710840645
"2504",158665.293223991
"2505",221117.391205454
"2506",255494.745854312
"2507",302247.312331065
"2508",256262.312155344
"2509",212109.375767368
"2510",216351.205860029
"2511",173358.683878013
"2512",201714.016303879
"2513",224548.329630693
"2514",257943.863847681
"2515",145681.634937973
"2516",176331.157154672
"2517",151118.852416745
"2518",151228.915741831
"2519",226271.074336524
"2520",212083.398555149
"2521",186183.980117788
"2522",226878.344323275
"2523",115671.740890521
"2524",134668.586283175
"2525",146477.277294537
"2526",137290.053721373
"2527",115135.623139363
"2528",120490.745372851
"2529",134434.349407087
"2530",128518.412649062
"2531",251359.297119776
"2532",228188.161315234
"2533",194407.788304528
"2534",222300.217602096
"2535",307046.022316916
"2536",228561.259052633
"2537",233541.158834413
"2538",185415.395674243
"2539",187529.525368926
"2540",182309.771367441
"2541",181541.73671653
"2542",160119.046430236
"2543",125290.145849457
"2544",119704.798155541
"2545",134241.67751998
"2546",128227.718565813
"2547",147145.925823992
"2548",161074.302133921
"2549",160727.320157207
"2550",1610558.04019403
"2551",141526.582550743
"2552",129528.791513592
"2553",75379.9887602339
"2554",95480.2929435533
"2555",125287.714689696
"2556",100426.01618765
"2557",105909.488194728
"2558",144462.512677914
"2559",136033.797763049
"2560",154524.393748585
"2561",157033.072488905
"2562",140171.94792529
"2563",152489.635599601
"2564",203702.485134466
"2565",135267.012368816
"2566",166691.903529202
"2567",145439.070366817
"2568",195894.499110345
"2569",211180.482457339
"2570",118694.83809999
"2571",191010.492353932
"2572",153187.507189622
"2573",219804.621298672
"2574",292232.864137371
"2575",128425.263685813
"2576",108382.314315409
"2577",118370.399060417
"2578",84618.2447548603
"2579",57019.8526560359
"2580",97221.4320129819
"2581",114240.28216599
"2582",113671.950964524
"2583",297094.838837873
"2584",175727.66739224
"2585",186742.960468282
"2586",226810.183722705
"2587",206542.806053576
"2588",143427.542429397
"2589",153148.725011866
"2590",219073.407595626
"2591",227236.650326698
"2592",218223.280585391
"2593",249180.147898735
"2594",179797.511397404
"2595",193814.044668179
"2596",297770.575203161
"2597",180154.981810644
"2598",291064.575829826
"2599",317864.767235636
"2600",140545.753522556
"2601",143451.542188145
"2602",82605.0695233443
"2603",92748.7260602377
"2604",87862.0983325699
"2605",79638.5109924889
"2606",150226.843114418
"2607",214999.903378096
"2608",190765.496663036
"2609",176436.357391335
"2610",111234.827367203
"2611",121410.503377456
"2612",159212.233134791
"2613",129596.302352639
"2614",120516.453927452
"2615",154273.354428188
"2616",149334.004801905
"2617",186956.26149739
"2618",198074.837089143
"2619",203509.616524816
"2620",188514.278269319
"2621",170524.871170214
"2622",179917.044354707
"2623",245284.356888511
"2624",319454.529948007
"2625",305502.500107582
"2626",171260.014855164
"2627",164897.649888949
"2628",465622.601465567
"2629",527957.233404782
"2630",368349.798213811
"2631",486424.4758741
"2632",407597.839931214
"2633",300563.153539275
"2634",395130.828896592
"2635",160569.250077598
"2636",177059.986972484
"2637",171463.380071561
"2638",266101.625390221
"2639",183578.718652985
"2640",146080.931162953
"2641",103679.935482637
"2642",183915.355915242
"2643",106354.583298012
"2644",121752.634408367
"2645",112580.662850101
"2646",99008.4385377933
"2647",106689.066965603
"2648",145981.239273458
"2649",148434.458501762
"2650",143559.835548234
"2651",141097.695658536
"2652",416428.19437885
"2653",256433.148688675
"2654",250094.253683022
"2655",389281.5381941
"2656",322864.337177366
"2657",354694.10762922
"2658",301687.687887558
"2659",303426.126805445
"2660",364708.680457082
"2661",349925.502640517
"2662",339830.409992077
"2663",296370.264999803
"2664",260603.105834067
"2665",317647.866001216
"2666",278994.416379332
"2667",170487.959212005
"2668",176098.751700134
"2669",184015.295798564
"2670",287577.104947349
"2671",186461.580520757
"2672",206222.071986015
"2673",213277.839785689
"2674",201276.568355666
"2675",176751.265012739
"2676",195131.388597549
"2677",199099.042559237
"2678",253632.311849022
"2679",270047.070842772
"2680",277708.59009424
"2681",392393.81214768
"2682",315412.247067479
"2683",524323.773345542
"2684",308592.508558883
"2685",324322.9369297
"2686",247392.079433651
"2687",287212.497140903
"2688",207783.722078472
"2689",199795.750711666
"2690",421941.396976824
"2691",183389.090425789
"2692",141469.136788318
"2693",201935.348085682
"2694",134708.011574348
"2695",189582.121742555
"2696",182975.192845924
"2697",185471.055555689
"2698",190991.711254352
"2699",178663.460314873
"2700",154574.316298076
"2701",148629.297545642
"2702",113730.839772886
"2703",121603.974532746
"2704",137416.220784927
"2705",113435.717374891
"2706",106736.522610797
"2707",122092.274957934
"2708",127920.881030938
"2709",102932.286106277
"2710",122954.375357156
"2711",275892.597707858
"2712",367457.0332528
"2713",175873.926966486
"2714",153341.311602511
"2715",165330.577104719
"2716",151452.050482622
"2717",191935.209146459
"2718",217913.186548097
"2719",151700.39088949
"2720",170952.535695783
"2721",129054.993216254
"2722",161379.365730108
"2723",143683.620038117
"2724",122651.150557154
"2725",126861.052756063
"2726",153773.241258151
"2727",185400.653207712
"2728",177187.739540713
"2729",143053.351732967
"2730",147205.396252528
"2731",127735.451578391
"2732",130463.625007985
"2733",157948.713542819
"2734",155279.36749377
"2735",133273.449542836
"2736",140243.030214958
"2737",114972.232282511
"2738",143243.426695783
"2739",155057.032228919
"2740",135946.870280984
"2741",140352.155870562
"2742",150859.516409276
"2743",152067.034271867
"2744",158689.449511852
"2745",147188.516080377
"2746",128983.446976687
"2747",144150.125914284
"2748",117876.3689564
"2749",127201.648196454
"2750",127109.484491063
"2751",128306.392588817
"2752",190286.347203542
"2753",142950.378418865
"2754",226454.688791499
"2755",137294.48266757
"2756",97691.2888583122
"2757",72319.9462208335
"2758",95733.3589583983
"2759",157297.337192322
"2760",121542.030066069
"2761",139492.833158518
"2762",139947.749449989
"2763",179161.343934255
"2764",144496.70360158
"2765",294275.637278692
"2766",127711.197550064
"2767",85198.7790834316
"2768",128359.490375711
"2769",128760.393325249
"2770",144798.752874966
"2771",109120.981648791
"2772",111937.782263129
"2773",156406.411862372
"2774",139095.630797657
"2775",114501.669104934
"2776",140348.055176397
"2777",144599.721937427
"2778",115825.301831397
"2779",116975.784417771
"2780",94602.9542061501
"2781",95583.3218092465
"2782",95833.2543478757
"2783",94253.7559243426
"2784",126220.017011517
"2785",136402.014776009
"2786",71630.0373002235
"2787",123478.769372848
"2788",74583.9202035158
"2789",173448.766024327
"2790",93090.532200831
"2791",111480.919737006
"2792",64760.3540133774
"2793",156819.249993169
"2794",92669.5199739807
"2795",120767.119005983
"2796",96880.5783101219
"2797",207849.372190413
"2798",94574.852577875
"2799",107342.461235343
"2800",67413.7043707343
"2801",93887.2652416422
"2802",124215.55566592
"2803",175752.076977946
"2804",124255.627757725
"2805",96979.4459817958
"2806",88715.3049595806
"2807",161088.740397944
"2808",142907.088067083
"2809",132662.691301151
"2810",124127.513211555
"2811",156607.452013626
"2812",163471.936175001
"2813",166894.800157268
"2814",170162.7737865
"2815",88351.394921884
"2816",235920.071258581
"2817",152223.390523089
"2818",133041.059978087
"2819",182470.338341289
"2820",137670.786153856
"2821",104471.41515748
"2822",192804.440803237
"2823",401700.109331229
"2824",170179.245628741
"2825",142455.813224282
"2826",133850.223045329
"2827",141180.177166508
"2828",216242.425783412
"2829",222530.406786926
"2830",241570.02235023
"2831",172478.221310704
"2832",254099.789048012
"2833",276210.497019702
"2834",219997.578456703
"2835",217882.458508262
"2836",190640.634530527
"2837",164896.100308373
"2838",146949.411980919
"2839",168836.057367568
"2840",204081.699861938
"2841",197802.720499036
"2842",227508.412125535
"2843",147771.484125816
"2844",168551.242529152
"2845",126762.747132362
"2846",206558.02903126
"2847",205932.115707702
"2848",213397.036620437
"2849",197699.286134538
"2850",285741.385414051
"2851",210771.460904462
"2852",236509.203886076
"2853",239194.434741892
"2854",142150.24772996
"2855",199887.376294423
"2856",202794.312036627
"2857",187295.085432953
"2858",208085.142007232
"2859",116391.312180464
"2860",125769.283556698
"2861",125685.142974229
"2862",198418.267180944
"2863",130829.921980375
"2864",240450.929135965
"2865",142209.402476401
"2866",141852.357956972
"2867",103866.927211848
"2868",101805.54668268
"2869",99494.9140196977
"2870",125636.646279029
"2871",87467.2153092006
"2872",57278.2133406649
"2873",99396.9093248958
"2874",134693.962638439
"2875",117015.781874268
"2876",169319.560015134
"2877",147167.827581248
"2878",169909.239212251
"2879",132796.305206368
"2880",104043.818370634
"2881",139764.05951466
"2882",173873.954819443
"2883",202769.670259906
"2884",207335.771098346
"2885",184298.069006974
"2886",237049.040593721
"2887",85636.9616800733
"2888",129311.067587221
"2889",58924.0079704933
"2890",75376.2814323768
"2891",129809.082617081
"2892",50214.1901027875
"2893",83463.9412778264
"2894",58829.64430508
"2895",327667.764733689
"2896",286422.392894182
"2897",195589.517510872
"2898",161184.052133626
"2899",198908.09919161
"2900",163888.522235282
"2901",190669.576916159
"2902",190166.547076475
"2903",317029.365034982
"2904",332777.968781961
"2905",77048.4886561139
"2906",199708.643635605
"2907",108101.900731492
"2908",129734.43597502
"2909",161089.470186433
"2910",80251.1965990858
"2911",83386.9442438533
"2912",147883.260975631
"2913",81074.9971917423
"2914",76922.22015401
"2915",84564.5669260774
"2916",82238.8975508945
"2917",169708.364242432
"2918",116048.54649027
"2919",228732.517111586
